TRUNCATE TABLE `oc_article`;

INSERT INTO `oc_article` (`article_id`, `sort_order`, `status`, `date_added`, `date_modified`, `image`, `author`) VALUES ('1', '1', '1', '2015-07-22 09:06:31', '2016-03-01 16:41:25', 'catalog/blog1.jpg', 'towerthemes');
INSERT INTO `oc_article` (`article_id`, `sort_order`, `status`, `date_added`, `date_modified`, `image`, `author`) VALUES ('5', '1', '1', '2015-07-22 14:11:01', '2016-03-01 17:26:18', 'catalog/blog2.jpg', 'towerthemes');
INSERT INTO `oc_article` (`article_id`, `sort_order`, `status`, `date_added`, `date_modified`, `image`, `author`) VALUES ('6', '1', '1', '2015-07-22 14:11:07', '2016-03-01 17:26:23', 'catalog/blog1.jpg', 'towerthemes');
INSERT INTO `oc_article` (`article_id`, `sort_order`, `status`, `date_added`, `date_modified`, `image`, `author`) VALUES ('7', '1', '1', '2015-07-22 14:11:08', '2016-03-01 17:26:29', 'catalog/blog2.jpg', 'towerthemes');
INSERT INTO `oc_article` (`article_id`, `sort_order`, `status`, `date_added`, `date_modified`, `image`, `author`) VALUES ('8', '1', '1', '2015-07-24 17:18:16', '2016-03-01 17:26:34', 'catalog/blog1.jpg', 'towerthemes');
INSERT INTO `oc_article` (`article_id`, `sort_order`, `status`, `date_added`, `date_modified`, `image`, `author`) VALUES ('9', '1', '1', '2015-07-24 17:18:16', '2016-03-01 16:40:39', 'catalog/blog2.jpg', 'towerthemes');
INSERT INTO `oc_article` (`article_id`, `sort_order`, `status`, `date_added`, `date_modified`, `image`, `author`) VALUES ('10', '1', '1', '2015-07-24 17:18:17', '2016-03-01 17:26:39', 'catalog/blog1.jpg', 'towerthemes');
INSERT INTO `oc_article` (`article_id`, `sort_order`, `status`, `date_added`, `date_modified`, `image`, `author`) VALUES ('11', '1', '1', '2015-07-24 17:18:17', '2016-03-01 17:26:44', 'catalog/blog2.jpg', 'towerthemes');


TRUNCATE TABLE `oc_article_description`;

INSERT INTO `oc_article_description` (`article_id`, `language_id`, `name`, `description`, `intro_text`, `meta_title`, `meta_description`, `meta_keyword`) VALUES ('1', '1', 'Article 1', 'Lorem ipsum dolor sit amet, consectetuer adipiscing elit, sed diam nonummy nibh euismod tincidunt. Lorem ipsum dolor sit amet, consectetuer Lorem ipsum dolor sit amet, consectetuer adipiscing elit, sed diam nonummy nibh euismod tincidunt. Lorem ipsum dolor sit amet, consectetuer Lorem ipsum dolor sit amet, consectetuer adipiscing elit, sed diam nonummy nibh euismod tincidunt. Lorem ipsum dolor sit amet, consectetuer Lorem ipsum dolor sit amet, consectetuer adipiscing elit, sed diam nonummy nibh euismod tincidunt. Lorem ipsum dolor sit amet, consectetuer Lorem ipsum dolor sit amet, consectetuer adipiscing elit, sed diam nonummy nibh euismod tincidunt. Lorem ipsum dolor sit amet, consectetuer Lorem ipsum dolor sit amet, consectetuer adipiscing elit, sed diam nonummy nibh euismod tincidunt. Lorem ipsum dolor sit amet, consectetuer Lorem ipsum dolor sit amet, consectetuer adipiscing elit, sed diam nonummy nibh euismod tincidunt. Lorem ipsum dolor sit amet, consectetuer Lorem ipsum dolor sit amet, consectetuer adipiscing elit, sed diam nonummy nibh euismod tincidunt. Lorem ipsum dolor sit amet, consectetuer Lorem ipsum dolor sit amet, consectetuer adipiscing elit, sed diam nonummy nibh euismod tincidunt. Lorem ipsum dolor sit amet, consectetuer Lorem ipsum dolor sit amet, consectetuer adipiscing elit, sed diam nonummy nibh euismod tincidunt. Lorem ipsum dolor sit amet, consectetuer Lorem ipsum dolor sit amet, consectetuer adipiscing elit, sed diam nonummy nibh euismod tincidunt. Lorem ipsum dolor sit amet, consectetuer', 'Lorem ipsum dolor sit amet, consectetuer adipiscing elit, sed diam nonummy nibh euismod tincidunt. Lorem ipsum dolor sit amet, consectetuer...', 'Lorem ipsum dolor sit amet', '', '');
INSERT INTO `oc_article_description` (`article_id`, `language_id`, `name`, `description`, `intro_text`, `meta_title`, `meta_description`, `meta_keyword`) VALUES ('5', '1', 'Article 2', 'Lorem ipsum dolor sit amet, consectetuer adipiscing elit, sed diam nonummy nibh euismod tincidunt. Lorem ipsum dolor sit amet, consectetuer Lorem ipsum dolor sit amet, consectetuer adipiscing elit, sed diam nonummy nibh euismod tincidunt. Lorem ipsum dolor sit amet, consectetuer Lorem ipsum dolor sit amet, consectetuer adipiscing elit, sed diam nonummy nibh euismod tincidunt. Lorem ipsum dolor sit amet, consectetuer Lorem ipsum dolor sit amet, consectetuer adipiscing elit, sed diam nonummy nibh euismod tincidunt. Lorem ipsum dolor sit amet, consectetuer Lorem ipsum dolor sit amet, consectetuer adipiscing elit, sed diam nonummy nibh euismod tincidunt. Lorem ipsum dolor sit amet, consectetuer Lorem ipsum dolor sit amet, consectetuer adipiscing elit, sed diam nonummy nibh euismod tincidunt. Lorem ipsum dolor sit amet, consectetuer Lorem ipsum dolor sit amet, consectetuer adipiscing elit, sed diam nonummy nibh euismod tincidunt. Lorem ipsum dolor sit amet, consectetuer Lorem ipsum dolor sit amet, consectetuer adipiscing elit, sed diam nonummy nibh euismod tincidunt. Lorem ipsum dolor sit amet, consectetuer Lorem ipsum dolor sit amet, consectetuer adipiscing elit, sed diam nonummy nibh euismod tincidunt. Lorem ipsum dolor sit amet, consectetuer Lorem ipsum dolor sit amet, consectetuer adipiscing elit, sed diam nonummy nibh euismod tincidunt. Lorem ipsum dolor sit amet, consectetuer Lorem ipsum dolor sit amet, consectetuer adipiscing elit, sed diam nonummy nibh euismod tincidunt. Lorem ipsum dolor sit amet, consectetuer', 'Lorem ipsum dolor sit amet, consectetuer adipiscing elit, sed diam nonummy nibh euismod tincidunt. Lorem ipsum dolor sit amet, consectetuer...', 'Lorem ipsum dolor sit amet', '', '');
INSERT INTO `oc_article_description` (`article_id`, `language_id`, `name`, `description`, `intro_text`, `meta_title`, `meta_description`, `meta_keyword`) VALUES ('6', '1', 'Article 3', 'Lorem ipsum dolor sit amet, consectetuer adipiscing elit, sed diam nonummy nibh euismod tincidunt. Lorem ipsum dolor sit amet, consectetuer Lorem ipsum dolor sit amet, consectetuer adipiscing elit, sed diam nonummy nibh euismod tincidunt. Lorem ipsum dolor sit amet, consectetuer Lorem ipsum dolor sit amet, consectetuer adipiscing elit, sed diam nonummy nibh euismod tincidunt. Lorem ipsum dolor sit amet, consectetuer Lorem ipsum dolor sit amet, consectetuer adipiscing elit, sed diam nonummy nibh euismod tincidunt. Lorem ipsum dolor sit amet, consectetuer Lorem ipsum dolor sit amet, consectetuer adipiscing elit, sed diam nonummy nibh euismod tincidunt. Lorem ipsum dolor sit amet, consectetuer Lorem ipsum dolor sit amet, consectetuer adipiscing elit, sed diam nonummy nibh euismod tincidunt. Lorem ipsum dolor sit amet, consectetuer Lorem ipsum dolor sit amet, consectetuer adipiscing elit, sed diam nonummy nibh euismod tincidunt. Lorem ipsum dolor sit amet, consectetuer Lorem ipsum dolor sit amet, consectetuer adipiscing elit, sed diam nonummy nibh euismod tincidunt. Lorem ipsum dolor sit amet, consectetuer Lorem ipsum dolor sit amet, consectetuer adipiscing elit, sed diam nonummy nibh euismod tincidunt. Lorem ipsum dolor sit amet, consectetuer Lorem ipsum dolor sit amet, consectetuer adipiscing elit, sed diam nonummy nibh euismod tincidunt. Lorem ipsum dolor sit amet, consectetuer Lorem ipsum dolor sit amet, consectetuer adipiscing elit, sed diam nonummy nibh euismod tincidunt. Lorem ipsum dolor sit amet, consectetuer', 'Lorem ipsum dolor sit amet, consectetuer adipiscing elit, sed diam nonummy nibh euismod tincidunt. Lorem ipsum dolor sit amet, consectetuer...', 'Lorem ipsum dolor sit amet', '', '');
INSERT INTO `oc_article_description` (`article_id`, `language_id`, `name`, `description`, `intro_text`, `meta_title`, `meta_description`, `meta_keyword`) VALUES ('7', '1', 'Article 4', 'Lorem ipsum dolor sit amet, consectetuer adipiscing elit, sed diam nonummy nibh euismod tincidunt. Lorem ipsum dolor sit amet, consectetuer Lorem ipsum dolor sit amet, consectetuer adipiscing elit, sed diam nonummy nibh euismod tincidunt. Lorem ipsum dolor sit amet, consectetuer Lorem ipsum dolor sit amet, consectetuer adipiscing elit, sed diam nonummy nibh euismod tincidunt. Lorem ipsum dolor sit amet, consectetuer Lorem ipsum dolor sit amet, consectetuer adipiscing elit, sed diam nonummy nibh euismod tincidunt. Lorem ipsum dolor sit amet, consectetuer Lorem ipsum dolor sit amet, consectetuer adipiscing elit, sed diam nonummy nibh euismod tincidunt. Lorem ipsum dolor sit amet, consectetuer Lorem ipsum dolor sit amet, consectetuer adipiscing elit, sed diam nonummy nibh euismod tincidunt. Lorem ipsum dolor sit amet, consectetuer Lorem ipsum dolor sit amet, consectetuer adipiscing elit, sed diam nonummy nibh euismod tincidunt. Lorem ipsum dolor sit amet, consectetuer Lorem ipsum dolor sit amet, consectetuer adipiscing elit, sed diam nonummy nibh euismod tincidunt. Lorem ipsum dolor sit amet, consectetuer Lorem ipsum dolor sit amet, consectetuer adipiscing elit, sed diam nonummy nibh euismod tincidunt. Lorem ipsum dolor sit amet, consectetuer Lorem ipsum dolor sit amet, consectetuer adipiscing elit, sed diam nonummy nibh euismod tincidunt. Lorem ipsum dolor sit amet, consectetuer Lorem ipsum dolor sit amet, consectetuer adipiscing elit, sed diam nonummy nibh euismod tincidunt. Lorem ipsum dolor sit amet, consectetuer', 'Lorem ipsum dolor sit amet, consectetuer adipiscing elit, sed diam nonummy nibh euismod tincidunt. Lorem ipsum dolor sit amet, consectetuer...', 'Lorem ipsum dolor sit amet', '', '');
INSERT INTO `oc_article_description` (`article_id`, `language_id`, `name`, `description`, `intro_text`, `meta_title`, `meta_description`, `meta_keyword`) VALUES ('8', '1', 'Article 5', 'Lorem ipsum dolor sit amet, consectetuer adipiscing elit, sed diam nonummy nibh euismod tincidunt. Lorem ipsum dolor sit amet, consectetuer Lorem ipsum dolor sit amet, consectetuer adipiscing elit, sed diam nonummy nibh euismod tincidunt. Lorem ipsum dolor sit amet, consectetuer Lorem ipsum dolor sit amet, consectetuer adipiscing elit, sed diam nonummy nibh euismod tincidunt. Lorem ipsum dolor sit amet, consectetuer Lorem ipsum dolor sit amet, consectetuer adipiscing elit, sed diam nonummy nibh euismod tincidunt. Lorem ipsum dolor sit amet, consectetuer Lorem ipsum dolor sit amet, consectetuer adipiscing elit, sed diam nonummy nibh euismod tincidunt. Lorem ipsum dolor sit amet, consectetuer Lorem ipsum dolor sit amet, consectetuer adipiscing elit, sed diam nonummy nibh euismod tincidunt. Lorem ipsum dolor sit amet, consectetuer Lorem ipsum dolor sit amet, consectetuer adipiscing elit, sed diam nonummy nibh euismod tincidunt. Lorem ipsum dolor sit amet, consectetuer Lorem ipsum dolor sit amet, consectetuer adipiscing elit, sed diam nonummy nibh euismod tincidunt. Lorem ipsum dolor sit amet, consectetuer Lorem ipsum dolor sit amet, consectetuer adipiscing elit, sed diam nonummy nibh euismod tincidunt. Lorem ipsum dolor sit amet, consectetuer Lorem ipsum dolor sit amet, consectetuer adipiscing elit, sed diam nonummy nibh euismod tincidunt. Lorem ipsum dolor sit amet, consectetuer Lorem ipsum dolor sit amet, consectetuer adipiscing elit, sed diam nonummy nibh euismod tincidunt. Lorem ipsum dolor sit amet, consectetuer', 'Lorem ipsum dolor sit amet, consectetuer adipiscing elit, sed diam nonummy nibh euismod tincidunt. Lorem ipsum dolor sit amet, consectetuer...', 'Lorem ipsum dolor sit amet', '', '');
INSERT INTO `oc_article_description` (`article_id`, `language_id`, `name`, `description`, `intro_text`, `meta_title`, `meta_description`, `meta_keyword`) VALUES ('9', '1', 'Article 6', 'Lorem ipsum dolor sit amet, consectetuer adipiscing elit, sed diam nonummy nibh euismod tincidunt. Lorem ipsum dolor sit amet, consectetuer Lorem ipsum dolor sit amet, consectetuer adipiscing elit, sed diam nonummy nibh euismod tincidunt. Lorem ipsum dolor sit amet, consectetuer Lorem ipsum dolor sit amet, consectetuer adipiscing elit, sed diam nonummy nibh euismod tincidunt. Lorem ipsum dolor sit amet, consectetuer Lorem ipsum dolor sit amet, consectetuer adipiscing elit, sed diam nonummy nibh euismod tincidunt. Lorem ipsum dolor sit amet, consectetuer Lorem ipsum dolor sit amet, consectetuer adipiscing elit, sed diam nonummy nibh euismod tincidunt. Lorem ipsum dolor sit amet, consectetuer Lorem ipsum dolor sit amet, consectetuer adipiscing elit, sed diam nonummy nibh euismod tincidunt. Lorem ipsum dolor sit amet, consectetuer Lorem ipsum dolor sit amet, consectetuer adipiscing elit, sed diam nonummy nibh euismod tincidunt. Lorem ipsum dolor sit amet, consectetuer Lorem ipsum dolor sit amet, consectetuer adipiscing elit, sed diam nonummy nibh euismod tincidunt. Lorem ipsum dolor sit amet, consectetuer Lorem ipsum dolor sit amet, consectetuer adipiscing elit, sed diam nonummy nibh euismod tincidunt. Lorem ipsum dolor sit amet, consectetuer Lorem ipsum dolor sit amet, consectetuer adipiscing elit, sed diam nonummy nibh euismod tincidunt. Lorem ipsum dolor sit amet, consectetuer Lorem ipsum dolor sit amet, consectetuer adipiscing elit, sed diam nonummy nibh euismod tincidunt. Lorem ipsum dolor sit amet, consectetuer', 'Lorem ipsum dolor sit amet, consectetuer adipiscing elit, sed diam nonummy nibh euismod tincidunt. Lorem ipsum dolor sit amet, consectetuer...', 'Lorem ipsum dolor sit amet', '', '');
INSERT INTO `oc_article_description` (`article_id`, `language_id`, `name`, `description`, `intro_text`, `meta_title`, `meta_description`, `meta_keyword`) VALUES ('10', '1', 'Article 7', 'Lorem ipsum dolor sit amet, consectetuer adipiscing elit, sed diam nonummy nibh euismod tincidunt. Lorem ipsum dolor sit amet, consectetuer Lorem ipsum dolor sit amet, consectetuer adipiscing elit, sed diam nonummy nibh euismod tincidunt. Lorem ipsum dolor sit amet, consectetuer Lorem ipsum dolor sit amet, consectetuer adipiscing elit, sed diam nonummy nibh euismod tincidunt. Lorem ipsum dolor sit amet, consectetuer Lorem ipsum dolor sit amet, consectetuer adipiscing elit, sed diam nonummy nibh euismod tincidunt. Lorem ipsum dolor sit amet, consectetuer Lorem ipsum dolor sit amet, consectetuer adipiscing elit, sed diam nonummy nibh euismod tincidunt. Lorem ipsum dolor sit amet, consectetuer Lorem ipsum dolor sit amet, consectetuer adipiscing elit, sed diam nonummy nibh euismod tincidunt. Lorem ipsum dolor sit amet, consectetuer Lorem ipsum dolor sit amet, consectetuer adipiscing elit, sed diam nonummy nibh euismod tincidunt. Lorem ipsum dolor sit amet, consectetuer Lorem ipsum dolor sit amet, consectetuer adipiscing elit, sed diam nonummy nibh euismod tincidunt. Lorem ipsum dolor sit amet, consectetuer Lorem ipsum dolor sit amet, consectetuer adipiscing elit, sed diam nonummy nibh euismod tincidunt. Lorem ipsum dolor sit amet, consectetuer Lorem ipsum dolor sit amet, consectetuer adipiscing elit, sed diam nonummy nibh euismod tincidunt. Lorem ipsum dolor sit amet, consectetuer Lorem ipsum dolor sit amet, consectetuer adipiscing elit, sed diam nonummy nibh euismod tincidunt. Lorem ipsum dolor sit amet, consectetuer', 'Lorem ipsum dolor sit amet, consectetuer adipiscing elit, sed diam nonummy nibh euismod tincidunt. Lorem ipsum dolor sit amet, consectetuer...', 'Lorem ipsum dolor sit amet', '', '');
INSERT INTO `oc_article_description` (`article_id`, `language_id`, `name`, `description`, `intro_text`, `meta_title`, `meta_description`, `meta_keyword`) VALUES ('11', '1', 'Article 8', 'Lorem ipsum dolor sit amet, consectetuer adipiscing elit, sed diam nonummy nibh euismod tincidunt. Lorem ipsum dolor sit amet, consectetuer Lorem ipsum dolor sit amet, consectetuer adipiscing elit, sed diam nonummy nibh euismod tincidunt. Lorem ipsum dolor sit amet, consectetuer Lorem ipsum dolor sit amet, consectetuer adipiscing elit, sed diam nonummy nibh euismod tincidunt. Lorem ipsum dolor sit amet, consectetuer Lorem ipsum dolor sit amet, consectetuer adipiscing elit, sed diam nonummy nibh euismod tincidunt. Lorem ipsum dolor sit amet, consectetuer Lorem ipsum dolor sit amet, consectetuer adipiscing elit, sed diam nonummy nibh euismod tincidunt. Lorem ipsum dolor sit amet, consectetuer Lorem ipsum dolor sit amet, consectetuer adipiscing elit, sed diam nonummy nibh euismod tincidunt. Lorem ipsum dolor sit amet, consectetuer Lorem ipsum dolor sit amet, consectetuer adipiscing elit, sed diam nonummy nibh euismod tincidunt. Lorem ipsum dolor sit amet, consectetuer Lorem ipsum dolor sit amet, consectetuer adipiscing elit, sed diam nonummy nibh euismod tincidunt. Lorem ipsum dolor sit amet, consectetuer Lorem ipsum dolor sit amet, consectetuer adipiscing elit, sed diam nonummy nibh euismod tincidunt. Lorem ipsum dolor sit amet, consectetuer Lorem ipsum dolor sit amet, consectetuer adipiscing elit, sed diam nonummy nibh euismod tincidunt. Lorem ipsum dolor sit amet, consectetuer Lorem ipsum dolor sit amet, consectetuer adipiscing elit, sed diam nonummy nibh euismod tincidunt. Lorem ipsum dolor sit amet, consectetuer', 'Lorem ipsum dolor sit amet, consectetuer adipiscing elit, sed diam nonummy nibh euismod tincidunt. Lorem ipsum dolor sit amet, consectetuer...', 'Lorem ipsum dolor sit amet', '', '');


TRUNCATE TABLE `oc_article_list`;

INSERT INTO `oc_article_list` (`article_list_id`, `name`, `status`) VALUES ('44', 'Blog Home 1', '1');
INSERT INTO `oc_article_list` (`article_list_id`, `name`, `status`) VALUES ('48', 'Blog Home 2', '1');
INSERT INTO `oc_article_list` (`article_list_id`, `name`, `status`) VALUES ('49', 'Blog Home 3', '1');


TRUNCATE TABLE `oc_article_to_list`;

INSERT INTO `oc_article_to_list` (`article_list_id`, `article_id`) VALUES ('44', '1');
INSERT INTO `oc_article_to_list` (`article_list_id`, `article_id`) VALUES ('44', '5');
INSERT INTO `oc_article_to_list` (`article_list_id`, `article_id`) VALUES ('44', '6');
INSERT INTO `oc_article_to_list` (`article_list_id`, `article_id`) VALUES ('48', '7');
INSERT INTO `oc_article_to_list` (`article_list_id`, `article_id`) VALUES ('48', '8');
INSERT INTO `oc_article_to_list` (`article_list_id`, `article_id`) VALUES ('49', '10');
INSERT INTO `oc_article_to_list` (`article_list_id`, `article_id`) VALUES ('49', '9');
INSERT INTO `oc_article_to_list` (`article_list_id`, `article_id`) VALUES ('49', '11');


TRUNCATE TABLE `oc_article_to_store`;

INSERT INTO `oc_article_to_store` (`article_id`, `store_id`) VALUES ('9', '0');
INSERT INTO `oc_article_to_store` (`article_id`, `store_id`) VALUES ('1', '0');
INSERT INTO `oc_article_to_store` (`article_id`, `store_id`) VALUES ('5', '0');
INSERT INTO `oc_article_to_store` (`article_id`, `store_id`) VALUES ('6', '0');
INSERT INTO `oc_article_to_store` (`article_id`, `store_id`) VALUES ('7', '0');
INSERT INTO `oc_article_to_store` (`article_id`, `store_id`) VALUES ('8', '0');
INSERT INTO `oc_article_to_store` (`article_id`, `store_id`) VALUES ('10', '0');
INSERT INTO `oc_article_to_store` (`article_id`, `store_id`) VALUES ('11', '0');


